,line,character,0
0,Kicked you out?,STACEY,RONNIE
1,Meaning?,RONNIE,SHIRLEY
2,Wish I could do more.,STEVEN,CLARE
3,What? Not you. Hang on. Pellets are in the cupboard.,TANYA,SHIRLEY
4,"Yeah, he's not well. What? You don't believe me, pop up, slip into bed with him. Be like old times wouldn't it.",TANYA,TANYA
5,What you doing here sweetheart?,MAX,SHIRLEY
6,Pleasure is all mine. Listen you gotta keep slippery eel Beale in his place in't you.,ROXY,CLARE
7,"Of course I do. You see me and your Dad tearing into each other, the things we say--",TANYA,CLARE
8,"Well, he'll be alright in his own place. He'll be able to bring blokes back. Listen to Kylie. Watch musicals. You know, whatever his lot do.",IAN,CLARE
9,"Great. Tell your sister an' all. And you're invited, of course Clare. 'Cause it'll give you a chance to meet everyone won't it?  Right then.",TANYA,CLARE
10,"It's about this Preacher right, who merges with this half angel, half demon. And his best mate, Cassidy, an Irish vampire -",STEVEN,CLARE
11,I'll go up.,JANE,JANE
12,Bye bye darling.  Be a good boy.,TANYA,CLARE
13,"So, why are we mates then? If we're so different...Cause I battered you a sausage?",STEVEN,STACEY
14,"Couldn't help yourself, could you?",JACK,SHIRLEY
15,Who said anything about you not working?  I want you on cloakroom and the loos.,RONNIE,RONNIE
16,"Look I know I'm a bloke, so I must be slow.  But why're you using Dawn for target practise?",JACK,CLARE
17,"I don't know. I probably just haven't kissed the right frog...So, when are we gonna get my magic fingers working?Your massage? Don't tell me you've shy on me now?  It's not like I haven't seen it before. Well, nearly all of it...",CLARE,MAX
18,"You used to live with me and your Mum, d'you remember? In Walford? I'm your daddy.",PHIL,SHIRLEY
19,Well there's a lot more to it than that.,JACK,JACK
20,Something serious.,MAX,CLARE
21,"Yeah.  Fantastic innit, not having to wade through stinking nappies?  Although I will miss Billy you know.    Such an easy target.",ROXY,CLARE
22,Look I'm serious.,TANYA,SHIRLEY
23,Please Mum... look I can't....,GARRY,MAX
24,Vinnie!,SHIRLEY,SHIRLEY
25,"Think yourself lucky. Mine's married to him.  Christian, Jane's brother.",CHRISTIAN,CLARE
26,Small man.  Still needing his small victories.  Even though it costs him his family.,JACK,CLARE
27,"What, er, you two know each other do you?",GARRY,CLARE
28,No.,JACK,TANYA
29,You what?,BRADLEY,SHIRLEY
30,Sorry but I couldn't expect Mummy to sleep with you.,HEATHER,HEATHER
31,Hi it's me...um...Listen... about earlier on... um... I'm sorry I let you down like that...,IAN,BRADLEY
32,"Oh, will you shut up.",GARRY,CLARE
33,"Just trying to sort out a few staff problems.  Got to find a replacement for Cameron.Nothing's wrong, OK?",RONNIE,CLARE
34,Anything?,IAN,IAN
35,It's ‚The Invasion.',BRADLEY,CLARE
36,"The girls will be awake soon, Oscar already is - I need you out of here.",TANYA,TANYA
37,Where's Dot?,CLARE,CLARE
38,Don't worry. I'll smooth things over.,RONNIE,CLARE
39,There must be someone.,STACEY,CLARE
40,"You alright, Shirl?",HEATHER,MAX
41,It...,STACEY,IAN
42,"I don't really think I'm Clare's type, Grandma.",BRADLEY,CLARE
43,"Well, you still got me. C'mere...",SEAN,SHIRLEY
44,"Right, if it's not too much trouble, I'd like an update on how my business is doing.",IAN,IAN
45,Tanya?You alright?,SEAN,RONNIE
46,You don't know...,TANYA,TANYA
47,"Nah.  ‚S woman's work, isn't it?  Get Ronnie to do it.",MAX,CLARE
48,Consider it a moving back in present.,RONNIE,RONNIE
49,"Don't take me for a fool...Sean, I've heard enough lies to last me a lifetime.",TANYA,CLARE
50,Haven't we been through this.,CHRISTIAN,JANE
51,Good news?!,GARRY,RONNIE
52,You look lovely.,JACK,SHIRLEY
53,Sandwich nice?,CLARE,CLARE
54,He's a serving police officer.,JACK,CLARE
55,What is it,STACEY,TANYA
56,"You're a big girl, now.",IAN,SHIRLEY
57,The police?,SHIRLEY,IAN
58,Who died?,GARRY,RONNIE
59,Yeah well I've got my flat back to myself ain't I.Max seems happy to be back.,JACK,CLARE
60,Cause it'll save listening to him bleating on for the next nine months.,GARRY,CLARE
61,Maybe I had it coming. I just thought I was looking out for you.,STEVEN,CLARE
62,"Ian, what are you wittering on about?",JANE,JANE
63,Door had been stoved in from the inside.,JACK,CLARE
64,Mum...,STACEY,STACEY
65,Where you going?,ROXY,IAN
66,Yeah. The more the merrier.,TANYA,IAN
67,I'm going for a jimmy riddle and when I get back I'm gonna stand at the bar so I'm more obvious.,GARRY,CLARE
68,No. He's not my type.,SHIRLEY,TANYA
69,"It just weren't meant to be, mate - and that's that.    Isn't that right?",GARRY,MAX
70,"Not that it is any of your business, I'm going to R & R and then wherever's still open -",STACEY,CLARE
71,"They had to call the first wedding off, didn't they.",ROXY,CLARE
72,You haven't moved.,BRADLEY,CLARE
73,"Bloody Shirley, she's skiving again.",RONNIE,HEATHER
74,You've got no right to interfere.  It's between me and him. And no one else.,STACEY,SHIRLEY
75,"Mummy you can't go home, you've been evicted.",HEATHER,CLARE
76,Well I'm on good terms with the owner. Or at least I used to be.Maybe I still am -,JACK,CLARE
77,"It's the final touch, Minty.  Please - for us?",HEATHER,HEATHER
78,So I made a big mistake....,SEAN,CLARE
79,What's the matter?,SHIRLEY,PHIL
80,"Make it quick, I'm busy.   Emergency...?  What do you mean?  Hev?",SHIRLEY,SHIRLEY
81,You're a Godsend.,TANYA,PHIL
82,"Oy, hold up!",STEVEN,HEATHER
83,"Yeah, but, he might still be hung up on Hazel. And we're all living together. It's complicated.",HEATHER,HEATHER
84,Come on then,ROXY,MINTY
85,"Okay. Then we'll go out somewhere, yeah? D'you wanna go out and get something to eat?",RONNIE,RONNIE
86,"No, let me tell you something alright.  I love you, If you feel the same way, then you'll sort things out here and come with me.",SEAN,MAX
87,"Your mum says you're headed back to Tring.Sure this is the best move for you right now? What about Dot? She'll miss you with your Grandad away- and besides, it's Tring, Bradley, Tring... you're a young man, you don't want to be cooped up in a place like that...Your sisters, they'll miss you like crazy... little Oscar... and me... I'm so sorry, son.",MAX,MAX
88,Let them in. There's still a chance Hazel might come back. Just keep them talking.,HEATHER,HEATHER
89,Here. Queenie's been on the throne for ages. I'm busting here.,MINTY,CLARE
90,How can you come out for a curry and then only order an omelette?,GARRY,CHRISTIAN
91,Creep.,ROXY,CLARE
92,"We should stop playing this. The Queen questions gonna come up and I don't want any Graham Norton looks, thanks very much.",CHRISTIAN,CLARE
93,Yeah.,IAN,STEVEN
94,Where's Lauren?,TANYA,CLARE
95,"Nowhere. Just round at Jane's. Look, I've gotta get back. But look ... ...Remember, no baby-sitter, no night in.",TANYA,TANYA
96,That gear doesn't,JANE,CLARE
97,"Yeah that's right. All  I have to do is phone up Marnie, and ask her for an advance on our wedding -",MINTY,MINTY
98,"My sister and I have what's called a love/hate relationship.  I love her, she hates me - isn't that right, Jane?And I do.  Love her that is.  Very very much. It breaks my heart that she....",CHRISTIAN,CHRISTIAN
99,What do you mean?,MINTY,MAX
100,Forget it. I don't want it. It's spoilt.  I'm going to the pub. Are you coming?,JANE,IAN
101,I'll not be calling ﬁTimﬂ. He'll be back home with his wife by now.,CHRISTIAN,CLARE
102,All I need is a statement from someone.  I wouldn't be asking if I wasn't desperate.,TANYA,CLARE
103,"See, that's sharp.  I like that.  We could really get on, you and me - if you just gave us a chance.",JACK,CLARE
104,"Yeah? Well, you'll be waiting a long time then won't you?  Because guess what? I'm not sorry. In fact, I'd do it again.",ROXY,SEAN
105,You know what the story is.,TANYA,MAX
106,She was fine earlier.,JANE,JANE
107,Maybe we should go back in.,JANE,JANE
108,"You're still seeing her, aren't you?",STACEY,HEATHER
109,More like a Blues Brothers reject.  This whole competition is a joke you know.,GARRY,CLARE
110,"Yeah, you've got a",CHRISTIAN,MINTY
111,So you could buy me a drink.,JACK,CLARE
112,So why this? Why last night?,JACK,STEVEN
113,Haddock. Over ordered it again. What?,IAN,CLARE
114,"No idea.  Like I said, I'm not interested.",BRADLEY,IAN
115,Forget it.,ROXY,CLARE
116,You know him?,SHIRLEY,JACK
117,Ian.,JANE,JANE
118,Three guesses.,JACK,CLARE
119,"Alright. Look, bringing him over maybe wasn't one of my best decisions -",RONNIE,CLARE
120,Are you deaf as well as stupid. I said clear off.,SHIRLEY,CLARE
121,"Oh no you don't - come here you doughnut. Get off, get off!",GARRY,SHIRLEY
122,He did make a pass at David.,IAN,SHIRLEY
123,Til he knows he's not getting to you.,JANE,SHIRLEY
124,Thanks mum.,STACEY,MINTY
125,Minty?,JACK,HEATHER
126,Like I've been dragged through a hedge backwards?  Very fetching.,TANYA,CLARE
127,Right.  You sure you're gonna be alright for the rest of the day yeah? 'Cause I've really gotta give Jane a hand.,TANYA,CLARE
128,"Ian, this may come as a bit of a surprise to you, but you're not everyone's cup of tea. You're certainly not Christian's.",JANE,CLARE
129,"Yes Jane, I'm busy. What sort of crisis? Okay, I'll be straight round.   Sorry, I'm going to have to go deal with this.",IAN,CLARE
130,Agreed.,MINTY,CLARE
131,"I think I'll just take the girls, you know.",BRADLEY,TANYA
132,What do you want?,PHIL,MAX
133,"Yeah course she will. You alright, son.",MAX,MAX
134,"Alright, faynights ‚ Won't mention him again.",CHRISTIAN,CLARE
135,No way.,ROXY,TANYA
136,"I know he was a soldier. Bet he was buff. Hungry, passionate.",CHRISTIAN,HEATHER
137,Love ya.,MAX,CHRISTIAN
138,You know what you should do?  Go round and offer to fix her shoes.,MINTY,MINTY
139,"I'm not saying he's perfect, alright.  But he's still my Dad and I love him.  And because I love him, he",ROXY,CLARE
140,Maybe they went out for dinner.,BRADLEY,CLARE
141,Yeah well I've had things to do in'I.,TANYA,TANYA
142,Dad said what?,TANYA,SEAN
143,Because she loves me.,SEAN,CLARE
144,"Oi, Jase!",JACK,CLARE
145,"Yes, that's really kind of her.",ROXY,CLARE
146,"Look I don't know what's going on but you're not serving punters in my pub, not in this state.",PHIL,PHIL
147,"I think he could do with another drink, don't you?",GARRY,TANYA
148,Where've you been? I've been going out of my mine here.,TANYA,IAN
149,Shame to let it go to waste. Now I'm here.Like I said...I know what's what.,ROXY,CLARE
150,"Forget it.  From now on that place is legit.  No more stolen motors, no cut and shuts - you want to kill someone else, do you?",PHIL,PHIL
151,"Well, you know, I'm getting paid on commission. So it really depends on how many units I sell.",BRADLEY,CLARE
152,Yeah yeah.,IAN,MAX
153,Oh.,JACK,MINTY
154,All the work in The Arches is done. I'm getting sloshed on my own time.,GARRY,CLARE
155,You two look busy.,CLARE,SHIRLEY
156,Can you take the chance she won't?,SHIRLEY,JANE
157,Party?  My life's been blown apart Sean.  You were only consoling the pathetic cow so's you could get your leg over...,STACEY,CLARE
158,I told you. I'm gonna cook.,TANYA,SEAN
159,"I found her, Phil. I found your daughter.‚FLAT 2, ACACIA HEIGHTS, WINSTONE ROAD, LONDON SE3 8",JACK,CLARE
160,"No. No. Look, look let's talk.",TANYA,TANYA
161,I'm calm.,TANYA,CLARE
162,"Look Mrs Trott, Heather's been a real mate, OK. Now, I was supposed to marrying Garry's mum but she kind of did a runner.  Alright, now Heather stepped in and saved the day.  Now if we win this wedding competition, we stand to bag a couple of grand, right.",MINTY,CLARE
163,Ron.  The naked look suits you.GO,JACK,CLARE
164,Oh come off it. You had us down as a laughing stock right from the word go! Thanks for your support.,MINTY,CLARE
165,Well there you go. She can't say it any clearer.,MAX,CLARE
166,See you later.  And good morning to you too Roxanne.,JACK,SHIRLEY
167,"Just leave her Minty! She's not worth it, is she.",GARRY,JANE
168,Hazel's probably just a bit stressed about the wedding.,MINTY,MINTY
169,"Abi, Lauren ... pick up please...",MAX,CLARE
170,Who do you think?  Bradley.  I want to see my husband.,STACEY,STACEY
171,"Er, yeah, Dot can't do it - she's seeing Dad.",MAX,CLARE
172,Are you gonna hit me now?  Cos I'm warning you. I hit back.,JANE,SHIRLEY
173,,JANE,TANYA
174,"It's Kev in'it?People, you know, they react different I suppose. It was the same with me you know, with Ben.Well look, I know it's not",PHIL,PHIL
175,Looking forward to your first day?,CLARE,CLARE
176,"You will take it slow, won't we?  I mean, I should be healed, and I want to, it's just...",JANE,TANYA
177,"Yeah they did but I'm not going, it's no big deal.Uncle Charlie drink, Mum?",STACEY,CLARE
178,I don't care.  I'm gonna say it anyway.,SEAN,CLARE
179,Bradley?,STACEY,MAX
180,No way.,SHIRLEY,TANYA
181,What?  Are you scared of her?  Does she hurt you?,MINTY,CHRISTIAN
182,She feels she's letting you down cos she can't make you a daddy.  Getting it all out of proportion.,HEATHER,HEATHER
183,They're running a special promotion - what do you expect?,PHIL,PHIL
184,He's found it!?  Why? What you up to?,HEATHER,SHIRLEY
185,There was an accident.,SHIRLEY,SHIRLEY
186,A dead one if I catch you.  How about you disinfect it while you're waiting?,JACK,JACK
187,"Oh it's a bit more than that.  Dinner at a posh hotel, then a suite for the night.  You've really pushed the boat out, haven't ya?",JANE,CLARE
188,I've got nowhere else to go.,SHIRLEY,SHIRLEY
189,Get yourself a better alibi than that. Or you're looking at two years.,JACK,CLARE
190,"Look I know I've been acting a little bit strange lately. YOu know, not paying you much attention. Not coming home.",MINTY,CLARE
191,It's just the wedding.  She's just a little bit emotional.,MINTY,MINTY
192,Why don't she have one at home?,IAN,IAN
193,Cheers Jane...,TANYA,CLARE
194,Tell him to rein it in. Or I will.,IAN,IAN
195,"Know what I reckon? I reckon, whatever you say,you're still waiting for your, ‚Officer and a Gentleman'?",CHRISTIAN,CHRISTIAN
196,"Sniff of a lawyer, she's packing her bags.",PHIL,MINTY
197,"Good. ‚Cause if you'd got the plumber round the flat yesterday like you were supposed to, maybe I wouldn't have to do this stuff.I'llpick them up later, alright?",JANE,CLARE
198,I said. Maybe.,JACK,IAN
199,D'you want me to get that for you?,CLARE,MAX
200,Do you think?,TANYA,TANYA
201,Yeah I like the cafe.,STEVEN,IAN
202,Do you want me to cook or serve?,STEVEN,PHIL
203,Away from here.,RONNIE,SHIRLEY
204,Dot?   Dot!,CLARE,CLARE
205,You could always turn him down. It just depends how badly you want that five grand.,CHRISTIAN,CLARE
206,Help yourself to tea and coffee won't ya?,TANYA,SHIRLEY
207,Now she's a prostitute?,STEVEN,MINTY
208,Oh come on Auntie Peg. Just leave that for now.,ROXY,CLARE
209,Between us? Of course not.,SHIRLEY,HEATHER
210,"Right so one minute you hate me, you want to drag me through the courts, you wanna take my kids away. The next. The door's open. I'm back here. I'm in your bed.",MAX,MAX
211,You busy?,ROXY,SHIRLEY
212,,PHIL,TANYA
213,After what you did to her? Let me know when the drugs wear off.,JACK,MINTY
214,Please.,SHIRLEY,MAX
215,"That the way you and Jack get your kicks, is it?  Set a bomb, stand back, watch fur fly?",ROXY,CHRISTIAN
216,All I want is for you to wake up and start having some fun that's all.,CHRISTIAN,CHRISTIAN
217,What d'you think?  How's Stacy?,SEAN,SHIRLEY
218,"That's great, that's, that's... just how I feel.",SHIRLEY,IAN
219,"Listen, I gotta go.Bradley?Morning.You not working today?",MAX,CHRISTIAN
220,"No, it's not a problem....  We can sort that out for you Mrs Watson....yeah, it'll be an absolute pleasure. Thanks for calling. Bye.",IAN,IAN
221,I'm moving out Auntie Peg.,RONNIE,RONNIE
222,"They're only having a laugh, you can take it can't ya?",PHIL,PHIL
223,Have one.,SHIRLEY,IAN
224,Dot!,IAN,CLARE
225,No you're alright.  It's all under control here. Just a few last minute checks.,CHRISTIAN,CLARE
226,Yeah. Look... I only lashed out because she hit me.,IAN,IAN
227,"Honestly, living with her is an absolute nightmare. I don't know how I've put up with it for so long.",RONNIE,CLARE
228,Am I still in the dog house?,JANE,JANE
229,Right outside the Vic?,ROXY,CLARE
230,"Hiya, I can't answer the phone right now, but if you're lucky, I might call you back!",ROXY,SHIRLEY
231,That's the whole point.,IAN,SHIRLEY
232,A dress?,JANE,CHRISTIAN
233,Come here.,SEAN,MINTY
234,Let's get you inside.,MAX,SHIRLEY
235,Yeah. Maybe later.,MINTY,MINTY
236,You know your problem?,CLARE,PHIL
237,I can't I've got loads to do.,RONNIE,SHIRLEY
238,I thought you were over it....,GARRY,JANE
239,Where's she gone?,HEATHER,HEATHER
240,Come on.  There's enough for everyone.,CHRISTIAN,CLARE
241,You should be looking after number one. It's tough out there.,STACEY,CLARE
242,Peggy? Have you got that beer?,SHIRLEY,SHIRLEY
243,I'm sorry I didn't mean to drop you in it.,CLARE,TANYA
244,"That's it! Go on, Peter! Right through the line! That's it, don't ease up.  Right through!Yes!",IAN,IAN
245,What did you say your name was again?,HEATHER,SHIRLEY
246,You're still going?  Why?  What did he say?,HEATHER,SHIRLEY
247,What?  That we fancied Billy?,ROXY,CHRISTIAN
248,"Because they're mugs.  I wish you wouldn't do this to yourself, alright.  I know you don't feel exactly the same as I do, I get that, but you know where you are with me.   You'd be safe, you and Summer.  I know you said no in Brighton, but...",GARRY,MAX
249,"Yeah, go on, have a laugh!",STACEY,IAN
250,"Lucy, why are you doing all of this?  I thought you and Dad had sorted everything out?",STEVEN,CHRISTIAN
251,Maybe that's why you've never get forgiven.,JANE,HEATHER
252,And your jeans.  Well I need to see if it hangs properly?,STACEY,SHIRLEY
253,"Well why, I thought you said they were gonna be out for ages.",SEAN,CLARE
254,"Fair dos. I think we talk, we'd have a laugh and then that moment would come.",JACK,CLARE
255,Shirley.,PHIL,CLARE
256,Ian ...,JANE,JANE
257,"Don't worry babe, I'll sort that.  You have a good day, yeah.",MAX,CLARE
258,"Well, this just proves I don't need him. He was holding me back.",IAN,TANYA
259,"She's on a break, I'll give it to her when she gets back.",JANE,MINTY
260,"Only you hear these stories about people getting post traumatic stress days later. Why don't you put your feet up, aand I'll look after you.  I'll get you something to eat?",HEATHER,CLARE
261,"Right, I've told Lucy, that's it now. OK? She can't keep letting people in that she's never seen before. So that's enough, OK?",STEVEN,IAN
262,Ian!,JANE,JANE
263,"Yeah, ain't got me sea legs.",TANYA,SHIRLEY
264,Saying what exactly?,BRADLEY,SHIRLEY
265,It's my boy. Dean. He's coming home.,SHIRLEY,SHIRLEY
266,What d'you want Christian?,JANE,JANE
267,Oi! You're supposed to be working!,PHIL,HEATHER
268,Is anyone serving here or what?,STACEY,STACEY
269,Sounds good.,RONNIE,RONNIE
270,"What about you, Max? Do you care enough to give me that guarantee? How else am I ever gonna feel safe?",TANYA,CHRISTIAN
271,"Sorry.Ahhh!  Ahhh, ahhh, ahhh.",TANYA,CLARE
272,It's too late... ‚Even if you never look at another man again.,BRADLEY,CLARE
273,"No-one's gonna be disappointed, I promise you.   Next round for these ladies is on the house.    Whatever you like.",RONNIE,CLARE
274,Nice time Friday night?,ROXY,CHRISTIAN
275,"Look, why don't you take Albert back.  And we'll go and talk about it in the caff, yeah.",RONNIE,RONNIE
276,"Yeah, she's er, she's homeless.  But we can always talk her out of that, come on.",MINTY,HEATHER
277,I'llget a plumber.,IAN,CLARE
278,Oi! You've been gone an hour. It's heaving down there.,PHIL,CLARE
279,Muddling along.  You?,MAX,SHIRLEY
280,"Snappy ain't you?  If you can't cope, I'll help.",MAX,SHIRLEY
281,James Bond trivia?,CLARE,CLARE
282,"Ian. Look I made a mistake alright, granted, it's all out in the open. Tanya still took me back, didn't she.",MAX,JANE
283,"Why not, they do.  It's like rappers using the ‚n' word the whole time.  They all do it.",STEVEN,CLARE
284,I've seen unlikelier couples.,SHIRLEY,CLARE
285,"Look I'm sorry, sorry Chelsea. I need staff I can trust.",TANYA,TANYA
286,"Nah, not a dickiebird.",MINTY,SHIRLEY
287,Because I don't want to. Why what are you my Dad?,STACEY,STACEY
288,Is there?,IAN,STACEY
289,You called the plumber?,CHRISTIAN,CHRISTIAN
290,Let me get this straight. You want two weeks off work so you can fly to Jamaica to get on a cruise ship that Hazel might not even be on.,PHIL,CLARE
291,What?,IAN,SEAN
292,"Yeah. I mean she's clever.  She's opinionated. She's always .... getting her belly button pierced, or throwing wild parties or...",IAN,HEATHER
293,Yeah I know. Garry.,MINTY,MINTY
294,Yeah well.  That's something.,MAX,MAX
295,Stace,BRADLEY,CLARE
296,I can't leave it. We gotta sort it out...,JANE,IAN
297,"Well, exactly.",PHIL,CLARE
298,It's just after everything that happened with you...I mean...I'm not sure if I'd ever trust him again.,TANYA,CLARE
299,And with all this new evidence - they still might.,JACK,HEATHER
300,"Just waiting for my washing to finish. You know, my --",CLARE,CLARE
301,I've moved stuff around a bit. I'd rather you'd just put it in that drawer.,TANYA,CLARE
302,"You're on. And I tell you what, me and you, we're gonna put them other kids to shame!",SHIRLEY,SHIRLEY
303,Right.,JACK,STACEY
304,"...maybe he's planning a certain surprise, for a certain occasion?",MINTY,CHRISTIAN
305,I'm moving in with Jack.,RONNIE,RONNIE
306,Girls are having their supper at Dot's tonight...,TANYA,CLARE
307,"Yes, Sean...",TANYA,STACEY
308,"All I want to do...All I want to do is to make it up to you, alright. To be together.I don't want you to take me back. Not if you don't want to. It has to be your choice.",MAX,MAX
309,"So, what we gonna do tonight eh?",ROXY,ROXY
310,I don't really mind where we go. Not really... We could spend two weeks in a tent in Boulogne and then go back to the flat...  And that's alright at least we'll know One day... I do still think you'll be a really good Dad.‚,STACEY,STACEY
311,Okay.,PHIL,CLARE
312,Someone shot you...,TANYA,CLARE
313,You'll feel differently in the morning.,MINTY,CLARE
314,Ron. If you don't do this for me... do it for yourself.  Yeah?‚Cos I hate to say it... But you stink.,ROXY,TANYA
315,"Yeah, tell me about it.",MINTY,MAX
316,Have you left your phone at home?,SHIRLEY,SHIRLEY
317,Amazingly enough you haven't woken Oscar.Look being here isn't going to make it up to Stacey.,TANYA,CLARE
318,"What about yesterday?... No? Blimey, he must really like this one.",MAX,MAX
319,Oh hello Dot. I didn't know you worked mornings.,TANYA,CLARE
320,Don't start!,ROXY,RONNIE
321,It ain't gonna be just Ronnie that rubs up the wrong way.  I mean Phil Mitchell ain't gonna take that lying down is he.,MAX,CLARE
322,"You gotta do what's best for you, what you want.",STEVEN,CLARE
323,Wanted to apologise to Ben about washing his cards. He can get himself some more.,TANYA,CLARE
324,"She's letting me go with her, ain't she? She's coming round, Jack.  I'm telling you.  All I gotta do is be patient.",MAX,MAX
325,Stay away from Ian.,JANE,JANE
326,I've got to pack.,RONNIE,SHIRLEY
327,"If you smash something into the ground enough times, Max and it dies. It dies.",TANYA,CLARE
328,"Why not, I love watching overweight tourists throw up after they've been on one ride too many.",CHRISTIAN,CLARE
329,Christian.,IAN,JANE
330,You must be joking.,STEVEN,CLARE
331,"Well no sympathy.  Behave like a tit in a trance, you're gonna get what's coming.",JACK,CLARE
332,Where you going?,IAN,IAN
333,Not particularly no.,JANE,PHIL
334,"Well, well... That what I think it is? Oh well that changes things a bit.",MAX,MAX
335,"Bacon roll, my treat?... I'll even throw in a cup of tea. Come on, Carly, what d'you say?",SHIRLEY,CHRISTIAN
336,"Because I don't want you using Sean to punish him, I don't want you wrecking your family cause of me. I just, I just want it all over.",STACEY,CLARE
337,You know that.,MAX,JACK
338,It's only a jumper.,ROXY,IAN
339,"Yeah, but you were with Steven.",JANE,HEATHER
340,I dunno. Maybe he can't stand to see anyone else happy?Tomorrow. Once you've got rid of the kids.,TANYA,CLARE
341,Your just not thinking straight.You're just winding me up. You're gonna make me jump.Why did you give me that?,SHIRLEY,SHIRLEY
342,"Got to take this, Stace -",SEAN,CLARE
343,"Come on mate. Come on.  You still got me, mate.  I ain't gonna leave you.",MINTY,MINTY
344,Now no matter what happens we don't give Pretty back till she's gone - agreed?,GARRY,PHIL
345,"yeah well I suppose we did get a little bit ﬁon top of each otherﬂ, didn't we.",ROXY,CLARE
346,What a bath?,IAN,SHIRLEY
347,"Regardless of whether he's married, the guy's a total creep. Must be about ninety.  I'm gonna make myself a cup of tea - you want one?",CLARE,CLARE
348,Oh if you're at a loose end the door to the alley's sticking - you could plane a bit off for us.,PHIL,CLARE
349,"I think you might've got the wrong idea. It was a gropathon, weren't it Charlie?",SHIRLEY,SHIRLEY
350,"yes... if you don't mind. Could you take a message, tell 'em I'll call them back. Thank you.",TANYA,TANYA
351,So you're thinking what I'm thinking?,MAX,MAX
352,Me?,ROXY,SHIRLEY
353,Jack - ?,RONNIE,RONNIE
354,"Come on, you maggot - call that a sprint?  I could crawl faster.  Run!    Time?",IAN,ROXY
355,Lucy.  Now!,IAN,IAN
356,"Hang on, mum.",STACEY,MINTY
357,"Well I'm sorry why, what do you know about our marriage?",MAX,MAX
358,"I know. We just ... we just need to do it ... just do it, just need to get it done, get it over with and then I'll be free. I'll be free ... won't I?",TANYA,TANYA
359,So are you thirty six or forty six?,CLARE,CLARE
360,"Yeah, well look we're gonna have to move like lightning to find another venue in time...",IAN,IAN
361,Would you or wouldn't you?,JACK,JACK
362,Look I wanted to be there too. But we both know what would have happened if I'd stayed.,JACK,CLARE
363,"Well let's split up, meet at the park in a few hours, and see how we're doing.",CHRISTIAN,CLARE
364,Let me in.  Please. It's freezing out here.,HEATHER,SHIRLEY
365,"Right, I'm just gonna go and check out the venue...",IAN,IAN
366,How about I get us all fish and chips to celebrate?,HEATHER,HEATHER
367,Ian. You got a text.,JANE,JANE
368,Pint. Phil around?,JACK,RONNIE
369,You've brought a tart back here?,SHIRLEY,SHIRLEY
370,"I just thought things were sorted, you know, we were moving on.Babe, come on, I've signed these, aven't I.",MAX,CLARE
371,Hello.,MINTY,MINTY
372,"Well, I tell you what; I've got her bird and the way she's going now, she'll be lucky if she doesn't get it back stuffed.",MINTY,MINTY
373,Think the doctors might have,STACEY,SHIRLEY
374,Jane...,IAN,CLARE
375,No I won't put it on now.,TANYA,TANYA
376,Here we go. I think you'll like this one...very  full-bodied.‚,IAN,SEAN
377,"Right, well good... They'll be happy about that.",MAX,MAX
378,"It's not that important, is it?",STACEY,IAN
379,Fine.,JANE,JANE
380,Oh forget it.,STEVEN,JANE
381,You are joking.,IAN,CLARE
382,Here you are. On me.,PHIL,SHIRLEY
383,I thought we were just going for the one night.,IAN,JANE
384,Typical.First time I hear that in weeks from a bloke and he's a ginger.,ROXY,CLARE
385,What's so important? Got a vital meeting? Left the heated curlers on overnight?,SEAN,CHRISTIAN
386,That's rubbish.,RONNIE,SHIRLEY
387,What the hell are you doing?,JANE,IAN
388,I was thinking of you.,JACK,CLARE
389,Don't you trust me?,CLARE,TANYA
390,"How about some games eh?  You know...truth or dare, guess what's in the handbag, consequences...",RONNIE,IAN
391,You are joking ain't ya?,PHIL,PHIL
392,What's it to you?,STACEY,PHIL
393,Why did you have to ruin it?,HEATHER,SHIRLEY
394,"I know, I'm on fire ain't I? I should do the lottery or something.  Where's Heather now?",GARRY,GARRY
395,"No, I'm, I'm only joking. It's just a police interview room... seen it on telly.",IAN,IAN
396,How d'you know???,MINTY,MINTY
397,When we were in Brighton I bought this engagement ring.  I've been hanging onto it ever since.  I've just pawned it and given her the money.,GARRY,CLARE
398,You sure?,SEAN,JANE
399,No?  How come?,CHRISTIAN,CHRISTIAN
400,I was only joking! What do you take me for?,CLARE,SEAN
401,"And funnily enough, they don't include you.",JACK,RONNIE
402,"Yeah, we like a bit of healthy competition, you know, keep us on our toes.",ROXY,MINTY
403,"Gal, me and your mum. We just want you to be a part of this...",MINTY,STACEY
404,Can I call you back in just a sec? Alright thank you.,MAX,MAX
405,Dot's.,TANYA,CLARE
406,What happened to your top?,STEVEN,SHIRLEY
407,Ronnie came to see me.,JACK,RONNIE
408,You do that.  And Abi...,TANYA,TANYA
409,How do you think I got my hand stuck down here in the,IAN,SHIRLEY
410,Bobby likes it.,JANE,CLARE
411,"Sorry. We won't be a minute. Steven, I'm so sorry!",STACEY,CLARE
412,"Yeah. If you're looking for a baby-sitter Dad, get a baby-sitter. I'll take them out when I feel like it!",BRADLEY,CLARE
413,I haven't changed my mind.,TANYA,CLARE
414,Just ignore him.  What's up?,STACEY,CHRISTIAN
415,"Fine, why?",TANYA,SHIRLEY
416,"Some other time, okay?",TANYA,IAN
417,I have not.,MINTY,SHIRLEY
418,Car keys.,SEAN,CLARE
419,Yes I know I spent my own money on two tickets to go in the tardis...  and there's original costumes... And a mask. And a talk. And at twelve o'clock the aliens are gonna come down the steps of St. Paul's.,STACEY,CLARE
420,So what is this then? Coincidence?,JACK,SEAN
421,Knew there was something we'd forgot.,CHRISTIAN,CLARE
422,"Yeah, well that's half the art, innit Phil.",JACK,RONNIE
423,Jack...,RONNIE,RONNIE
424,Careful. There you go. I imagine Tanya's probably got some pain killers.   You just need something to get the swelling down a bit that's all.,BRADLEY,CLARE
425,What the hell happened to Ian?,ROXY,JANE
426,Don't push it.,IAN,CLARE
427,"Tan, have you seen my phone charger?",MAX,SHIRLEY
428,I've got to get to the Salon.,TANYA,SHIRLEY
429,"Look I'm making an effort here, Rox alright?  A little bit of meeting me half way wouldn't go amiss.",RONNIE,RONNIE
430,"That's it, I'm gonna kill him.",SEAN,IAN
431,"Hello, what's your name and where d'you come from?  Marni?  Yeah.    Today?",MINTY,MINTY
432,No. We'll both go in the front.,TANYA,IAN
433,Not your colour. But you had the legs for it. You might want to get Stacey to rethink that neckline though.,CHRISTIAN,CLARE
434,"It's just this course I might go on, it's nothing really.",STACEY,STACEY
435,Ain't you gonna go over and see him?,JACK,JACK
436,You did.,TANYA,HEATHER
437,You must be blind or desperate.,STACEY,CLARE
438,Oh yeah?,PHIL,MINTY
439,Yeah.  It was just a bunch of kids. Just forget about it now.,JACK,IAN
440,Oh Easy. Georgiou Michaelious.,MINTY,CLARE
441,Pat can read?,SHIRLEY,SHIRLEY
442,"Women on telly, they find the sweaty look sexy, love",IAN,CLARE
443,"Oi, what you doing?",GARRY,SHIRLEY
444,"Christian!  Loads of things. This Greek Island, the war...Mainly about this girl, she promises to marry a local fisherman. Then the army invade an' she falls desperately in love with an Italian captain.  That's when she realises. She was never in love with the fisherman at all.",JANE,HEATHER
445,You're meant to be my mate Jane?,TANYA,CLARE
446,I'm your Mum...,SHIRLEY,STACEY
447,It was. It's gonna be alright.,TANYA,TANYA
448,Good?,TANYA,MAX
449,You tell the magazine people?,SHIRLEY,SHIRLEY
450,Ian?,JANE,JANE
451,What?,SHIRLEY,SEAN
452,Was he wearing the same clothes as he was wearing yesterday when you see him this morning?,MINTY,MINTY
453,What you looking at?,SHIRLEY,SHIRLEY
454,Prettiest girl at the wedding eh?,SHIRLEY,SHIRLEY
455,"No it's not, it's not! Cause you're running away and this is when I need you.",TANYA,TANYA
456,"It's a special time for all of us. I mean we've had a tough time this past year.  This trip to the palace marks a fresh start, doesn't it.",IAN,CLARE
457,What's that got to do with anything?,TANYA,PHIL
458,So how did the apology go down?,JACK,CHRISTIAN
459,"I thought I might wear one while I'm working, bit of advertising - what d'you think?  Looks good, doesn't it?",STACEY,PHIL
460,Look he was desperate. I was just helping him out.  What are you worried about?,JACK,SEAN
461,Is there anythingfunny about what I'm wearing? It's just that everyone out there seems to be staring at me.,HEATHER,IAN
462,"(Yes.  Yes... It was definitely your receptionist kissing my  ‚husband'... Yeah I expect he took her to lunch. Is that ‚unreasonable', do you think? Harriet?  Can we add that to the list of ‚unreasonable' or is it only ‚unreasonable behaviour ' when he's lying through his teeth while he's lying in my bed?...",TANYA,TANYA
463,It didn't happen like that.,STACEY,CLARE
464,What're you talking about?,IAN,RONNIE
465,Stace? Hello?,STEVEN,CHRISTIAN
466,Alright. Okay.,MAX,MAX
467,"I fell asleep - I messed up, didn't I.  I'm so sorry. I'm sorry darlin'Were you really worried?",TANYA,CLARE
468,If you wanna ruin the one piece of happiness Ronnie's had in god knows how long.,JACK,CLARE
469,"Please. I can't go home, not while everyone's... I've been walking around but hardly anywhere's open. I'm cold and I could really do with a cup of tea. So...Thanks.",STEVEN,CLARE
470,"Yes, that's what I need, Max. Insight.  From the man who slept with his son's teenage fiancee -",RONNIE,CLARE
471,"Oh, wake up -",SEAN,MINTY
472,"So I said, I've always had a discount, so don't call me a liar when I ain't.I was right, don't you reckon?‚Sean?",STACEY,CHRISTIAN
473,"You couldn't lend us a tenner, could ya?   Mini cab. I did a runner.",STACEY,CLARE
474,Things weren't very good back then.,MAX,MAX
475,Good. Because the time has come for me to take matters into my own hands.,IAN,CLARE
476,"Bradley, you don't have to be like that.  Bradley?!",MAX,STACEY
477,"Well he's not after me, we're just mates.",STACEY,SHIRLEY
478,Don't I?,STACEY,TANYA
479,I only came down here because your office told me you were looking for people.,BRADLEY,CLARE
480,"Nah, no, I think it's great that you've got ambition.",BRADLEY,SHIRLEY
481,"See, not smiling now, are ya. And I know why you're not smiling, coz it ain't a laughing matter.",GARRY,PHIL
482,"If you're done, I've got a job to get back to.   Don't look like no millionnaire's gonna whisk me away.",SHIRLEY,SHIRLEY
483,"‚Cause in the end, no matter what he's done, he's family...",JANE,CLARE
484,Why? What've I got to worry about?,PHIL,SHIRLEY
485,"No, I don't want to go home. I wanna dance.",STACEY,STACEY
486,I've just got to find some paperwork.,MAX,SHIRLEY
487,"Yeah, it is actually.",CHRISTIAN,IAN
488,"In hope I imagine.Right, er, let's go if we're going.",JANE,JANE
489,Yeah?,SEAN,STEVEN
490,Of course I'm nervous.  I haven't seen her in how long?  When did David die?,CHRISTIAN,CHRISTIAN
491,It's a marketing ploy .And I'm not having my girls falling for it. Alright? Love's either there or it ain't.  Don't matter what day of the year it is.,TANYA,IAN
492,We don't need anyone else.,TANYA,TANYA
493,"I know, I miss you too, darling.   I've only got aminute, the girls'll be down soon.",TANYA,CLARE
494,"You'd deny your own son an opportunity? You've got a right chip on your shoulder, you, ain't you?",PHIL,PHIL
495,"You see that is the thing about Bond. He never lets anyone get too close. Because when they do, they betray him. Or die. So he just learnt to switch off his emotions you know and take what he wanted. Cor, I wish I could do that. Can you do that? That's what keeps you sane you know? He knew that, Bond.",BRADLEY,MAX
496,Roxy. We both know that ain't the reason.,JACK,CLARE
497,"Hey. There's no trouble here, Peggy. Just here for a nice quiet beer. Promise.",SEAN,CLARE
498,"You tell him, if he ever comes back, I'm going to do that to him my arms get tired.",SEAN,CLARE
499,"Why are you here, Phil? Why do yo wanna help me?",SHIRLEY,SHIRLEY
500,"Well, I hope you're right, 'cause if the police start asking me questions I ain't gonna cover for you, not this time.",RONNIE,CLARE
501,"Well, I won't ask anymore questions- don't want you thinking I care.",PHIL,CLARE
502,"No, course not. You and me, we're cool yeah?",IAN,TANYA
503,For what? Services to fish and chips? Knight of the greasy empire.,MAX,CHRISTIAN
504,I told you. I never contacted them. I'm not going.,STACEY,IAN
505,A drink on the house for Queenie.,SHIRLEY,CLARE
506,D'you really want me to tell you?,SHIRLEY,SHIRLEY
507,Yeah?,MAX,STEVEN
508,"You're back here, aren't you?",TANYA,SHIRLEY
509,Check.,CHRISTIAN,CLARE
510,I dunno.  Whatever it takes,SEAN,CLARE
511,Have you given him the go ahead or not?,SEAN,JANE
512,Tanya..?,SEAN,MAX
513,Yes?,IAN,TANYA
514,What?,MINTY,SEAN
515,So?,PHIL,JACK
516,I've gotta get,HEATHER,TANYA
517,"Look, she thinks it's time to move on. Get a bit more excitement back in her life....",GARRY,GARRY
518,Professional bar staff.,RONNIE,CLARE
519,"I said, get out. Do you not understand, Jack? I want everything ‚Branning' out of my life.  If I could just scrape it out of me.",BRADLEY,CLARE
520,The door was.,GARRY,JANE
521,"Alright. And I'll pull a bloke for you while I'm at it.And if you're really lucky, I may even bring him back for you.",ROXY,CLARE
522,Well you're gonna have a long wait in't ya.,PHIL,SHIRLEY
523,"That is never gonna happen. Because I hate you, I can't stand the sight of you. Your face; that fake smile... Time to move on Jack.  You mean nothing to me now.",RONNIE,CLARE
524,"Tomorrow.  ‚S just a few minutes at the clinic.  Get them to send the result over to social services, prove you're clean.",TANYA,CLARE
525,I want a word with you.,ROXY,STACEY
526,I'm going to check on,TANYA,IAN
527,You can't.,SEAN,MAX
528,"You've all seen the magazine. Me and Minty, we're engaged, like. We aren't really getting married. Well, we are getting married. Like, you know legally and that. But we ain't getting married.  Not properly. Though we are sort of.",HEATHER,HEATHER
529,You must have.,STEVEN,SHIRLEY
530,Look um... What about these? Do you need any more or anything? I've been showing them to people...DC,IAN,IAN
531,"Well, where are you going?",CHRISTIAN,IAN
532,"Look I've told you things I ain't never told no-one.  If Stacey knew what I've done, she'd never want anything to do with me, ever again... That's gotta mean something?",SEAN,CLARE
533,Well he better be. Well have you felt the weight of them trays?,JANE,MAX
534,I'm just checking.  I might even buy you a present.,JACK,CLARE
535,Lucy...Lucy...She's going to be late. Better hope her dad doesn't see.,JANE,CLARE
536,"yeah well, I suppose I owe her an apology, don't I?",GARRY,RONNIE
537,No. Wait for me to call you.,TANYA,TANYA
538,PleasePlease ... please ...,TANYA,MAX
539,She's always been trouble Hev. All me life.,GARRY,HEATHER
540,Let's work up an appetite first.,RONNIE,CLARE
541,Had to change Oscar.  Ye-es.  Girls are in bed. Dinner's in the oven.Thought you'd run off with the geography teacher or something.,SEAN,CLARE
542,You gonna dob me in?,JACK,SHIRLEY
543,"Heather must've gone inside. I told her to wait, but....",SHIRLEY,HEATHER
544,Um. No.,IAN,IAN
545,Ain't you gonna answer that?,HEATHER,JACK
546,"Alright alright, that's enough. Look the problem right now is that I've gotta go and face Max - try and get my son back.",TANYA,MAX
547,What does that mean?Sean?What are these?,STACEY,CHRISTIAN
548,I have to.,IAN,SHIRLEY
549,"Hello? ‚ Shirley?!  Come on out, go on get out.  Shirley!  Shirley!",PHIL,ROXY
550,Is this true?,JANE,IAN
551,"Doing everyone's head in, is it?",IAN,IAN
552,Morning.,IAN,CLARE
553,"No, nothing's going on.",MINTY,IAN
554,I've never been into short men either.,SHIRLEY,CLARE
555,"Yeah maybe, I just...I'll let you know eh.",MINTY,MINTY
556,"Yeah?  Well, see if you find this funny.  I want him out!",IAN,IAN
557,I don't even know why you want to be here.,STACEY,STACEY
558,"Strangely, no...",STACEY,STACEY
559,"No no, that's not gonna to work.",TANYA,SHIRLEY
560,Is it something to do with Tanya?  Or with Max?Have you done something to Max?,STACEY,SEAN
561,Hmmm?,JANE,SHIRLEY
562,"You want to stay here, Steven? Rule number one: the only tarts in my kitchen have got jam on top.",JANE,CLARE
563,"That's right. Er, pre-wedding bonding. Dirty Dancing.",HEATHER,CLARE
564,No flaming way!,MINTY,MINTY
565,You ain't got a clue have you?,ROXY,SHIRLEY
566,Buddy On Call. Skills.,GARRY,CLARE
567,And I thought we were gonna toss for it. You rascal.,CHRISTIAN,CHRISTIAN
568,It's just a little something I had set aside that I thought I might need.  But I don't now.,GARRY,CLARE
569,He died.,SHIRLEY,SEAN
570,No it was just a few gentle stretches.,IAN,IAN
571,Tough on you.,RONNIE,SHIRLEY
572,"You don't talk about her much, do you.",RONNIE,RONNIE
573,"I'll get 'em in.  'Ere waiter, more beers please.",GARRY,HEATHER
574,I tried talking to her but she didn't wanna know.,HEATHER,HEATHER
575,Oh Ian...,JANE,JANE
576,It's over Hev..    And about bloody time.,SHIRLEY,SHIRLEY
577,I only phoned it through the other day. Have you been messing with my paperwork?,IAN,CLARE
578,Not seen you wear that before.,HEATHER,HEATHER
579,"Oh yeah? That's not all he's watching, eh?",SHIRLEY,SHIRLEY
580,Hmmm?,RONNIE,SHIRLEY
581,When was that?,MINTY,JANE
582,"I've er, I've fixed your door. For now anyway.Shirley?  Shirl are you...",PHIL,CLARE
583,"I hope you don't mind, I borrowed one of your shirts...!]Oh... so, this is what you want?",CLARE,STACEY
584,I don't believe you.,TANYA,TANYA
585,"The kids, Ian, looking at me like I'm the only barrier stopping us having the perfect family... so, I thought, fine, I'll throw him a rope... just enough rope to hang himself.",JANE,CLARE
586,"Right, you want to go round Dots then - play with him round there.",MAX,CLARE
587,When I've talked to the girls.,TANYA,CLARE
588,Fine. If that's the way you want it...,SEAN,IAN
589,There's no need to shout at him.,ROXY,TANYA
590,"No, gorgeous. Like you ain't got a care in the world.",SEAN,SHIRLEY
591,Done with what?,HEATHER,HEATHER
592,A week?,CHRISTIAN,CHRISTIAN
593,I did it!  I am the champion - I am the champion.,HEATHER,HEATHER
594,Maybe it would serve him right.,CLARE,CLARE
595,"Looks like it. No name polo shirt, beginnings of a paunch.",CHRISTIAN,CLARE
596,I AM miserable.  Life is miserable.,BRADLEY,CLARE
597,To sort this mess out before we commit professional suicide.,CHRISTIAN,CLARE
598,Tan. Please.  I didn't mean it like that.  Tan.,MAX,MAX
599,"That was so sincere, that if I hadn't've been a copper for best part of twenty years, I might have been half inclined to believe it.",JACK,CLARE
600,What you doing?,SHIRLEY,SHIRLEY
601,When?,SHIRLEY,MAX
602,Maybe it wasn't shut properly. I don't know. It just happened.,SHIRLEY,CLARE
603,They're gonna love it.,ROXY,CHRISTIAN
604,Right.,TANYA,STACEY
605,"Yeah, yeah please.  Only this time, instead of stirring it, do you think you could, um -  Nah.  I don't suppose you've got any olives have ya?  Doesn't matter.",BRADLEY,CLARE
606,Yeah... Course...ﬁCOME OVER AFTER WORKﬂ,HEATHER,STEVEN
607,Ian. You need to get some sleep.,JANE,JANE
608,Yeah but she brought the rest back! She took a risk. Doesn't that tell you anything?,STEVEN,HEATHER
609,Very funny.,SHIRLEY,CHRISTIAN
610,"Yeah.  Yeah, I know.",MAX,MAX
611,Look I'd really love to help you...,BRADLEY,CLARE
612,"I dunno. Same one I wore at lunch time, probably.",IAN,CLARE
613,"She should be home by now. I mean. You two are best mates, yeah, I mean has she said anything to you about where she might go?",IAN,IAN
614,Like a princess. Right you ready?,BRADLEY,SHIRLEY
615,Abi...,TANYA,TANYA
616,"No. My old mates have all moved on. Even tried ringing my old boss in Japan see if he could put a word in for me, but turns out he's the left the company as well.  So...",BRADLEY,CLARE
617,You have to.,JACK,SHIRLEY
618,"Nice one Bradley, Abi's gonna be well chuffed you're coming. you staying for tea, are you?",MAX,CLARE
619,Right.,STACEY,STACEY
620,Sals gone and sprained her ankle.,PHIL,HEATHER
621,Wasn't she at the flat?,MINTY,JANE
622,Everything I had.  They've just taken it away from me.,BRADLEY,CLARE
623,Not sure I'd trust you with the till anyway. Ian's wallet was a lot lighter after your little visit.,JANE,CLARE
624,"Yeah, right.",ROXY,MINTY
625,You're all I want.,SEAN,MAX
626,"Nah, I just wanted to show Hev the dress.",SHIRLEY,CLARE
627,Yes!  Yes.,BRADLEY,CLARE
628,Mum!,STACEY,STACEY
629,It's our Dad.,RONNIE,CLARE
630,"Right um, I'm off.",IAN,IAN
631,"Just as mates though to start off withWe've got as long as we want, Bradley... We just went the wrong  way for a bit, we could travel for years. We might decide we never want to come back. Or we might find somewhere beautiful. By the sea.or on top of a hill anywhere.  We might get that old we want to settle down there and we just look for a place then...",STACEY,CLARE
632,Kieron. He's an ex of mine.,CHRISTIAN,CLARE
633,I've gotta get off and get Oscar.  So I'll...,TANYA,TANYA
634,So where's Jane then?,STEVEN,RONNIE
635,Hev?  Heather?,SHIRLEY,SHIRLEY
636,Well it's a bit difficult not to when she's asking stupid questions.,IAN,CLARE
637,"What happened to that old Ronnie Mitchell pride? Alright, so he's off bedding some tart, so what?",ROXY,CHRISTIAN
638,But he is at fault.  Lok if I can just prove he,TANYA,TANYA
639,"Of course he'll still want to marry you. You're Dolly to his Kenny. Nothing's gonna change that, right?So you'll talk to him. Promise?",HEATHER,CHRISTIAN
640,Well you wouldn't be the first older man I've been with.,CLARE,CLARE
641,Just finished the business plan.,CHRISTIAN,CLARE
642,It's from the solicitors.,MAX,CLARE
643,"Stuff the competition, stuff the line dancing. I've got more important things to do.",MINTY,CLARE
644,Whoa mate... No way.,GARRY,MINTY
645,Mm-hmm.I love you so much...,IAN,CLARE
646,You're just paranoid.,TANYA,CLARE
647,Thanks. That's very comforting.,SEAN,CLARE
648,This afternoon.,HEATHER,CLARE
649,‚He makes no friends who never made a foe.',JACK,CLARE
650,"Not with me. We talked Greek philosophy.Yeah, that and who her favourite Tellytubby was.",JACK,HEATHER
651,"Oi, you are not supposed to upstage me!",RONNIE,SHIRLEY
652,"No. He'd give them to Jack. All of them. And he'd just look at me. And I'd feel ... I dunno... I'd feel all sorts of things. I just don't want you two to end up like me and Uncle Jack alright. So would you please, for me, try and get on?",MAX,MAX
653,"I'm here, Carls.",SHIRLEY,SHIRLEY
654,"Yes, and we'll all live happily ever after, right?   I think lack of food has made her delirious.   Come on, girl, let's get some carbs inside you.  See you later.",SHIRLEY,CLARE
655,"You know where we're going, don't you Charlie?",IAN,IAN
656,I sorry I can't make it. I've gotta work.,IAN,CLARE
657,It's okay.,IAN,IAN
658,Because I wanted to check with you first.,MINTY,CLARE
659,"Yeah, I've got stuff I should be getting on with really.",STEVEN,MINTY
660,Now that is fighting talk!!,SHIRLEY,ROXY
661,Why do you have to lie?,RONNIE,SHIRLEY
662,Don't open the door to anyone will you.,TANYA,CLARE
663,"It was a big thing me bringing you tonight, and yet you've been meeting up and doing secret deals?",RONNIE,MINTY
664,So where am I supposed to go now?,SEAN,ROXY
665,"yes mate, when I'm ready.",MAX,CLARE
666,"I'm gonna have to go down the suppliers. Give them a piece of my mind.  ‚So that's where I'm going, now.",IAN,IAN
667,So am I.Yes ... yes...yes.... right ...It's the police.,JANE,BRADLEY
668,"No, no that was something else. How have you heard about that?",IAN,IAN
669,I was a bit tired.,TANYA,MINTY
670,"No, I think it's good.  She can keep an eye on him for us.  Better we know what he's up to than not. What time's Jack coming over?",PHIL,CHRISTIAN
671,Just making sure he doesn't catch a chill that's all,HEATHER,CLARE
672,Yeah.,STACEY,STEVEN
673,What if he wakes up?,SEAN,SEAN
674,Yeah I realise that now...,BRADLEY,BRADLEY
675,I'm sorry about earlier. I wasn't thinking.,SEAN,CLARE
676,Yes.,JACK,TANYA
677,"No I tell you what. You call the solicitors and then I'll post these share forms. Alright?  Yeah, deal?",MAX,MAX
678,I won't let him.,SEAN,SEAN
679,What?,MAX,SEAN
680,Sorry. I've got things to do.,GARRY,TANYA
681,In fact it's my birthday tomorrow.,TANYA,CLARE
682,I'm late.,BRADLEY,CLARE
683,I wasn't gonna lie.,ROXY,RONNIE
684,I'm good.  Thanks.,PHIL,MAX
685,Just stay away-,ROXY,CLARE
686,Yeah and I wish he hadn't.,PHIL,MINTY
687,And Garry was going to be best man and fall in love with me.,HEATHER,HEATHER
688,Make that six.  Yeah I ain't going home sober either. You'd never guess what my Dad's doing tonight?,STEVEN,CLARE
689,Easy when you know howSomething I said?,JACK,MINTY
690,Good girl.Lettuce.,MAX,RONNIE
691,'Cause I don't like disappointment.,STACEY,CLARE
692,"Yes, cheers Charlie, thanks.",GARRY,CLARE
693,Did you just hear that? Peter!  I mean it wasn't exactly a hanging offence.,JANE,CLARE
694,Crap!,SHIRLEY,SHIRLEY
695,Well you said you needed some help.,IAN,CLARE
696,Take a final look Lucy.,IAN,IAN
697,"I know, it's incredible ain't it?",JANE,PHIL
698,"Then I thought I'd go home, you know, have a shower, clean up. And invite you out to dinner.  So we can talk. I know that's what you want, so, from now on, we'll spend more time together -",JACK,CLARE
699,You have done yourself proud this time!,TANYA,CLARE
700,What else is there to say?,SHIRLEY,SHIRLEY
701,It's gonna take a bit more than a carefully chosen tie.,JACK,CLARE
702,"You know what you're doing, don't you?  You're trying to sabotage tonight before it's even begun.",IAN,SHIRLEY
703,Didn't you?,JACK,SEAN
704,"Alright, so you don't fancy hitting the ski slopes of Austria then no?",RONNIE,RONNIE
705,"Look at ya, not a mark on ya. And you think you're an unlucky man.",SHIRLEY,SHIRLEY
706,Babe you don't know what this means to me.,MAX,MAX
707,None of the hospitals have got a record of admitting a Lucy Beale. So at least that's something.,JANE,CLARE
708,"Yeah well Sean's not here now is he, your Dad is.",MAX,MAX
709,How about I go home.,PHIL,IAN
710,"Tanya, if you'd have just told me -",CLARE,SEAN
711,That's alright. Just give it to her yourself.,MAX,MAX
712,"...Tell you what, why don't we call it £480, you pay for the wine. I'll buy  lunch.",MAX,CLARE
713,Except go to the Caribbean obviously.  You don't want to meet up with you know who.,HEATHER,RONNIE
714,George would understand how Vinnie feels.    ﬁI'm never gonna dance again.  Guilty feet have got no rhythm.ﬂ,HEATHER,CLARE
715,Long term view.,JACK,CLARE
716,Why?,PHIL,SHIRLEY
717,So does this mean we're back together?,JACK,JACK
718,Nothing.,GARRY,CLARE
719,"Yeah well, um, things weren't quite as simple as I thought they'd be.",TANYA,CLARE
720,No.,TANYA,TANYA
721,What is it?,STACEY,TANYA
722,"I'm sure it would.  But since Bobby was the one who ruined it, ask him for the money.  Okay?",JANE,CLARE
723,No problem.  I'd better go and put some pants on.,CHRISTIAN,CLARE
724,"How? By letting them paste you all over the pub? Right I don't need your help! I was having a laugh! You just can't leave things alone, can ya? You wouldn't be stood here potless if you hadn't stuck your oar in with whatsherface.",STACEY,SEAN
725,"Shirley, we're late.",HEATHER,CLARE
726,Your own kid. Just across town as it happens...,RONNIE,CLARE
727,"No, of course she ain't!  All I'm saying is, is just don't take any notice, alright.",MAX,MAX
728,What you mean our kids.,MAX,MAX
729,It's weird in'it eh?I mean what's the matter with us?,PHIL,PHIL
730,What?  I unearth a secret admirer-,CHRISTIAN,SHIRLEY
731,What are you? Six years old?,PHIL,SHIRLEY
732,So much for moral guidance.,IAN,CLARE
733,"Bloke got lucky, that's all.",JACK,SHIRLEY
734,What do you see?,CLARE,SHIRLEY
735,"Nah, it's alright, it's not a problem. I've er, just been working on some appetizers to tingle you taste buds. Can I take your coat?",IAN,IAN
736,That's just as well in this...... A bit dull isn't it?Right...,CLARE,BRADLEY
737,Do you think Phil might have actually done it?,RONNIE,RONNIE
738,I'm so glad you're back.,CLARE,MAX
739,Don't argue alright?  It ain't negotiable.,IAN,MAX
740,Like Pinky and Perky?,MINTY,SHIRLEY
741,Alright Babe. I'm sorry.    You gonna give him the push?,MAX,MAX
742,"Yes, but you weren't living with me then.    I want to send it to Max's lawyer.  Stop any chance of him using it.  You don't mind, do you?  For me, Rainey.  And the kids.  Please?",TANYA,TANYA
743,He told you that did he?S'pose this was his idea.,TANYA,CLARE
744,"I'll do us all some hot milk for bed, shall I?",TANYA,CHRISTIAN
745,That was delicious. Where d'you learn to cook like that?,IAN,IAN
746,Who's covering?,JANE,CLARE
747,"What d'you want to do, talk?",BRADLEY,SHIRLEY
748,Mind if I have a word?,PHIL,SHIRLEY
749,"Getting this job, it's a chance for him to move on. Put things behind him.",CLARE,CLARE
750,"Yeah well I want it back, don't I. You, the girls. What we had. I need it back, Tan.",MAX,TANYA
751,She can't blame you...,RONNIE,HEATHER
752,The Mitchells are gonna love you.,MAX,CLARE
753,"Please, Mo.",GARRY,HEATHER
754,We could go to the club?‚,STEVEN,JANE
755,Well how long's that gonna take?  A week?  A month?  Years?,SEAN,CHRISTIAN
756,Tan...,MAX,MAX
757,What was all that?,MAX,MAX
758,To see a scary film?,STACEY,SHIRLEY
759,What if he does?,SEAN,SEAN
760,You're coming home now. Be quiet,IAN,CLARE
761,"I'll let you into a little secret, I can get ‚em half price. D'you want one?",JACK,SHIRLEY
762,"Listen to me alright... When i was a kid I used to love sherbet lemons. Alright, I use to get them in this big jar, get them by the quarter pound. Jim'd get them. But he never use to give me any.",MAX,MAX
763,I don't think so.,STACEY,STACEY
764,Good girl.,MAX,MAX
765,Yeah.,STACEY,STEVEN
766,I don't know what you mean.,TANYA,MAX
767,Are you sure?,STACEY,JANE
768,I'll have you!,SHIRLEY,SHIRLEY
769,I don't believe this -,IAN,TANYA
770,You're the closest thing I've got to family Dot. I'd do anything for you.,CLARE,CLARE
771,"Last time I got a bunch of flowers, you wanted the freezers clearing out.",JANE,CLARE
772,Open it and you'll find out...,BRADLEY,IAN
773,Now?  Or eventually.,PHIL,STEVEN
774,"Still no sign of your bird, Queenie?",MINTY,MINTY
775,I didn't read any email.,RONNIE,CLARE
776,How come you were up?,TANYA,CHRISTIAN
777,You'll be alright.You got this far in't you.,TANYA,CLARE
778,Oi Steven. Why have you been telling people I'm your girlfriend?My Nan heard you.,STACEY,CLARE
779,"We had to go for it. We didn't have the time.  Truth is, we were lucky to get it.",JANE,JANE
780,Based on what?,RONNIE,SHIRLEY
781,All them places to see..  I've always fancied swimming with dolphins...,STACEY,CLARE
782,"Only...Dot yesterday, Ben Mitchelland Lucy Bealetoday.",MAX,CLARE
783,"I'm sure Lucy didn't do it, she knows how important going to the Palace is to you.",JANE,JANE
784,But -,HEATHER,HEATHER
785,"Dad?  Okay ... alright, just one drink alright. But that's all. It doesn't mean anything. It's just a drink.",BRADLEY,MAX
786,"Nope, I think Mr Potato Head's working on his own today.",SEAN,CLARE
787,Darling. It's not going to happen alright.  I don't love your dad anymore.,TANYA,TANYA
788,Sean? What you doing here?,STACEY,SHIRLEY
789,Ian didn't do anything.,JANE,JANE
790,Long as we don't start arguing.,TANYA,CLARE
791,Let me think. No.,STACEY,SEAN
792,"Same again all round, only let's make it doubles -   We're celebrating, after all - and you've got join us this time, Peggy.  No excuses.",JACK,CLARE
793,Minty? Got your message. Finished up early.,GARRY,HEATHER
794,No. Course not...,STACEY,TANYA
795,Don't matter.,TANYA,CLARE
796,That's great.,BRADLEY,SHIRLEY
797,I'm not surprised the way you talked to him.,JANE,CLARE
798,All those things he did to you.,SEAN,MAX
799,I don't want to make things worse.,STACEY,STACEY
800,What d'you want me to do Rachel?  Beg?,STACEY,SHIRLEY
801,She didn't say no.,HEATHER,HEATHER
802,Quite a night. Silliness.,IAN,CLARE
803,Nudists.,RONNIE,CLARE
804,No no no no no.,PHIL,TANYA
805,I was being polite.,SEAN,CLARE
806,Carly?,SHIRLEY,SHIRLEY
807,"I know babe. Look at me, look. The most important thing is that Marge knows how much you love her, alright.  OK.  Good girl.",MAX,CLARE
808,Lotus flower.,JANE,CLARE
809,I don't think she believed me.,SEAN,MAX
810,Getting me out of trouble.,STACEY,HEATHER
811,No not yet.,JACK,PHIL
812,As if he's going to be round here!,TANYA,TANYA
813,Of course I do.  About both of you.,GARRY,CLARE
814,Tried everyone.  Nothing.,JACK,CLARE
815,"Yes, alright.  Where is it?",STACEY,IAN
816,There's no future in it.,JACK,TANYA
817,Thanks.  Mr French?,BRADLEY,CLARE
818,I love you.,MAX,MAX
819,You don't stop do you?,JANE,SHIRLEY
820,You're not looking for Bradley are you?,JACK,PHIL
821,It's no trouble.,CLARE,IAN
822,How do I look?,GARRY,TANYA
823,The best? Best for who? For Minty?For me? Certainly not the best for you. Cos you're never gonna find anyone who's gonna love you as much as what he loves you.,GARRY,CHRISTIAN
824,"No, you're not taking her away from me.",JACK,SHIRLEY
825,I think you're forgetting something.,PHIL,SHIRLEY
826,Is it Marm or your Majesty?  Suppose I'd better  ask one of the footman on the way in. 'ere.  Hope she don't bring them corgis with her.  You know what I'm like with dogs. One of them'll probably growl at me.  Blow my chance of getting close enough to the Queen to say hello.,IAN,CLARE
827,We'll do the chips last thing. Keep ‚em warm.,JANE,CLARE
828,He was hungry. I didn't want to wake you.,SEAN,SEAN
829,"Yeah, well we're not, and we're not gonna be...",TANYA,TANYA
830,Fine. You?,ROXY,SHIRLEY
831,I can't wait to see him Hev.,SHIRLEY,SHIRLEY
832,I thought I was doing the right thing....,GARRY,IAN
833,What Lorraine?,BRADLEY,SHIRLEY
834,This the best you can do?  You ain't got no evidence.,PHIL,PHIL
835,"Yeah, it was.  Garry invited her, what could I do?",MINTY,CHRISTIAN
836,Yes.And down here.,PHIL,SHIRLEY
837,"That's a shame.  I expect she'll be visiting, mind.",MAX,CLARE
838,"Yeah, well it ain't all about the winning, is it? It's about having fun, raising some money.",JACK,MAX
839,I was joking.,CHRISTIAN,IAN
840,He tore her apart.  And now she's gone and taken some pills.,SEAN,HEATHER
841,I don't think it's,TANYA,TANYA
842,Sorry. We've been really busy. I haven't made half of it yet.,JANE,CLARE
843,What?,CHRISTIAN,SEAN
844,How did you do?,STEVEN,RONNIE
845,Did you know?,ROXY,JACK
846,It's just a one,JACK,IAN
847,Mmmm... mmmm... mmmm...,BRADLEY,BRADLEY
848,"Yeah, but Christian -",STEVEN,HEATHER
849,The fella that runs this place. Does he still live round here?,CLARE,CLARE
850,No.,STACEY,TANYA
851,"Oh, have I ruined StPatrick's night? Tell Ronnie I'm so sorry.",SHIRLEY,CLARE
852,This is a good one - hear her out.,HEATHER,IAN
853,It's the least you deserve.  You're a fantastic woman Tanya. I love you.  Always will.,MAX,CLARE
854,Be very careful Ian. You need Christian on board if this business is ever gonna take off. That party yesterday would have been a disaster without him.,JANE,JANE
855,How would you like it,GARRY,IAN
856,What do you want from me?,SEAN,MAX
857,"It's just some papers that need a witness signature.  For Ben's trust fund.  Ritchie's bringing them over this afternoon.  You don't mind, do you?",PHIL,CLARE
858,"Yeah, well I had no choice, did I. I mean, once he's put everything in my name, he'll think twice won't he.",TANYA,CLARE
859,Why should I?,SHIRLEY,SHIRLEY
860,Paula! You alright?,STEVEN,MAX
861,"Look we've all got to get to work, so..",SHIRLEY,SHIRLEY
862,They're for Hazel and Minty. They'll set their costumes off a treat.,HEATHER,HEATHER
863,"For the tape?  Nothing.  I'm going to give you it back.  It's just a warning, Phil.  Take me seriously.  Treat me with respect.",JACK,SEAN
864,So you did sleep with Clare?,JANE,JANE
865,What are you doing hiding in here?,JACK,SHIRLEY
866,"He won't get away with this.  I'll find him whenever, where ever.",SEAN,CLARE
867,"No. No, of course not. Is that what this is about?  How can you even ask me that?",TANYA,TANYA
868,Morning...,STEVEN,MINTY
869,But that was before. This is serious. You fainted Hazel. You have to tell him.,HEATHER,HEATHER
870,I'll have a word with Abi.  About ...,TANYA,HEATHER
871,"Oi! I believe you alright. I know what Clare's like.You're still a prat though, you know that?",JANE,CLARE
872,Don't I get a hug first?,SHIRLEY,PHIL
873,Because I was kidding myself. My dress was rubbish. If they hadn't of laughed,STACEY,CLARE
874,"Soon. I promise.  It'll be okay, little one. Trust me.",TANYA,CLARE
875,Mmm.  Austria.,RONNIE,RONNIE
876,My kids for starters.,TANYA,CLARE
877,That's brilliant.,MINTY,SHIRLEY
878,I'm sorry. What must you think?,CLARE,SEAN
879,That's all I wanted to hear.  Shall we hug it out?,CHRISTIAN,CHRISTIAN
880,Have a cold one. What you letting yourself go or something?,ROXY,IAN
881,Tanya...,SEAN,MAX
882,... What?,STACEY,SEAN
883,"There's no other way to go Lauren.  What your Dad did to me, us, there's no coming back from that.",TANYA,TANYA
884,Look. Eight O'clock. Don't be late.  Please.,TANYA,TANYA
885,"You mean, napkin.  Don't you sell any actual clothes?",IAN,CLARE
886,Will you stop fussing!,SHIRLEY,CLARE
887,Morning.,CLARE,CLARE
888,"Oh, I'd get on the blower to your solicitor if I were you. Because......She wants out.",ROXY,CLARE
889,"And a V & T, please.",MAX,HEATHER
890,Yes. I promise you. Please will you just go. Sean.ﬁALRIGHTﬂ,TANYA,CLARE
891,I do not leave my kids on their own.  Dot's there.,TANYA,CLARE
892,I'm actually wearing a brand new top but I'd wait forever before anyone round here said anything.,ROXY,CLARE
893,"Yeah, but he's left you here though ain't he? that's squatters rights at least.",SHIRLEY,SHIRLEY
894,"I'm telling you love, it was inspired right, I pretended it was you on the phone and I just left them to it.  You should've seen the look on Christian's face. It was brilliant.",IAN,CLARE
895,You never know. You might have some of that old Mitchell magic.,PHIL,CLARE
896,So you knew David then?,IAN,RONNIE
897,I'm not so sure I want to eat a deer.,ROXY,CLARE
898,"It's alright Dot, they've gone now.",SHIRLEY,CLARE
899,You didn't think I'd only have one copy did you?,TANYA,CLARE
900,What?,SEAN,SEAN
901,"I had to leave, I wasn't feeling too good.",RONNIE,CLARE
902,"My new opening hours, got a new menu, happy hour.  We're all very excited across the road.  We think we're gonna do very well.  Anyway, see ya later.",JACK,CLARE
903,... she said?,ROXY,IAN
904,Great. Let's have some squat thrusts. Say... twenty?,CHRISTIAN,CHRISTIAN
905,"Yeah, yeah, actually I'm seeing someone about a job this morning myself.",BRADLEY,CLARE
906,You blew it. Get it through.,TANYA,TANYA
907,"Just stop it, alright!",GARRY,IAN
908,Tough.  There is no way I'm paying good money for that.,IAN,CLARE
909,"Right, I think you should both leave.",JACK,CLARE
910,We'll just have to make more.,IAN,IAN
911,Maybe he's ‚tired'.,STEVEN,CLARE
912,You're always saying how fantastic women are at multi tasking. It'll be a breeze.Seeya.,IAN,CLARE
913,Nice one.,JACK,CLARE
914,What?,JANE,SEAN
915,"Bobby, will you stop that.Bobby, will you please stop that. I'm not joking. You carry on doing this. I'll stick it in the bin.",IAN,IAN
916,Right.,SHIRLEY,STACEY
917,"Look I'm the problem, I should go.",STEVEN,IAN
918,Yeah there is. But it's only part time.,STEVEN,IAN
919,He might.,HEATHER,HEATHER
920,Yeah well what about him?,JACK,MAX
921,Errr...,BRADLEY,CLARE
922,Card from Hazel.  Wishing me a happy birthday and telling Minty to forget about her.  She says she hopes he'll forgive her.    I'm sorry mate.,GARRY,HEATHER
923,"Yeah, I'm just going to er, um, get changed, get back on the stall.",STACEY,CLARE
924,You sure you're not just saying that to make me feel good?,JACK,SHIRLEY
925,Well -,BRADLEY,SEAN
926,I thought Minty was your mate. I'm doing this favour so they can stay in the competition.,SHIRLEY,CLARE
927,"Hazel...I'm Hazel, I'm here, hang on babe...",MINTY,MINTY
928,"What, and undo all your good work?Be good for him. Treat him mean, keep him keen. Or just for the fun of it.",CHRISTIAN,CHRISTIAN
929,Just for a minute.,SEAN,CLARE
930,Donna's only gone and done a bunk with her fiance's brother.,HEATHER,HEATHER
931,"So, er, we won't be seeing your designs in the local supermarket then?",SEAN,CLARE
932,"Thanks for this, Dot.",TANYA,CLARE
933,What?,MINTY,SEAN
934,"When you say it, it sounds so seedy.",JANE,CLARE
935,What time's dinner?,CLARE,SHIRLEY
936,---She's just a kid.  She didn't know what she was doing.  You can't blame her for what happened with Max.,SEAN,HEATHER
937,We going to start this again are we?,SEAN,JANE
938,"yeah, I like it, I like it.",GARRY,IAN
939,You had a row with your boyfriend or something?‚,PHIL,PHIL
940,Don't ask.,JACK,RONNIE
941,"Will you turn the page, and turn the music down please!",SEAN,CLARE
942,"Well tough, it's non-negotiable.",SEAN,CLARE
943,No you haven't!  And don't make us late for this alright.,RONNIE,CLARE
944,She won't thank you for it. People always shoot the messenger.,CHRISTIAN,CLARE
945,I'd love a job like yours. Only I tell people that and they just laugh me.,CLARE,CLARE
946,You will!  Look - Oscar's still having his morning nap. He won't be awake for another hour yet.,TANYA,CLARE
947,I told you.,HEATHER,SHIRLEY
948,Yeah but Nan could've taken her in when she got back or something...,STEVEN,MINTY
949,What d'you mean?,SHIRLEY,SHIRLEY
950,I wouldn't eat in there if you paid me.  I don't like rat.,SHIRLEY,SHIRLEY
951,I'll set fire to it if you don't go.,SHIRLEY,TANYA
952,"Brothers, sisters. All just want the best for each other, don't we?",CHRISTIAN,CHRISTIAN
953,"Er, I'm leaving Steven in charge.",IAN,CLARE
954,I'm in the middle of a funeral -,PHIL,JANE
955,I'm trying to play it as cool as him. But I just can't hack it.,GARRY,CLARE
956,The creature from the deep.,CHRISTIAN,CLARE
957,Dawn's not going to be,MINTY,TANYA
958,"yeah, we're gonna pass the hat round for you in the bar tonight.",PHIL,CLARE
959,"Yes, well I want it to stop.",JANE,JANE
960,Why don't you open it and find out,BRADLEY,RONNIE
961,What and that's the honest truth?,MAX,SHIRLEY
962,And what if I hadn't? What if it had been Jane? Or one of the kids?,IAN,JANE
963,What?,STACEY,SEAN
964,"I didn't see you leave the community centre.Oi, don't go all quiet on me. What's the matter?",PHIL,PHIL
965,I'm making you something to eat...,ROXY,CLARE
966,So what? You know it was a long time ago and we all do things we regret.  You just gotta move on.,TANYA,JACK
967,He was my dad.  I killed my dad...,SEAN,TANYA
968,"Ben's fine, you know. I don't need some teacher finding problems, and telling me how to bring up my own kid.",PHIL,CLARE
969,"When you wear one, I'll wear one.",PHIL,CLARE
970,Yeah well that was a mistake.,JACK,JACK
971,"I don't want to go another course. Alright, I don't want to go anywhere.I've gotta go and get changed.",STACEY,STACEY
972,"It's a Call Centre, Stace. I am answering enquiries about life insurance... But there is... Well there is this one there's this mate I've made. Kiwi. Making his way round the world. Gap year's turned into two. Reckons once you start travelling, you don't wanna  unpack again. Just Seeing all these different places... You want to know what I really really want?... I wouldn't mind some of that.",BRADLEY,MAX
973,"Because, I said some harsh things.",IAN,CLARE
974,I already know all about it!,STEVEN,JACK
975,Yeah everyone knows Ian Beale. Why?,BRADLEY,CHRISTIAN
976,That's a bit desperate ain't it? Can't you just wait for 30 seconds?,MAX,CHRISTIAN
977,"Eye of the tigers. Eh, why don't you let Hazel have him for a bit?It'll be good practice.",MINTY,CLARE
978,I didn't. I went to the dogs.,PHIL,CLARE
979,You'll what?,SEAN,SEAN
980,See you later.,TANYA,JACK
981,You're damn right it was.,ROXY,IAN
982,Alright Dawn? Everything all right with little Jay?,MINTY,MINTY
983,But we're fully staffed. What with us two and Marie.,JANE,HEATHER
984,Antiques Roadshow.I know alot of people are gonna find that boring. To me. It's the most wonderful thing in the world.,IAN,CLARE
985,Don't think so.,STEVEN,STACEY
986,Maybe I'm here for you.,SEAN,CLARE
987,Hiya.,CLARE,CLARE
988,"...I know it's short notice but we're desperate.   You can?   Oh mate...I really owe you one. Get him over here asap will you?    French Maid?  Ain't a tranny actis he?    I told you, I don't want a woman, I want a bloke!  Yeah very funny.",JACK,MAX
989,"Maybe that's why he's so angry, he's repressed.",IAN,SHIRLEY
990,"No come on, please mate. If she's got herself into a state,she won't want you to see her. Best I go.  See how the land lies.Trust me. I'll get her here.",GARRY,HEATHER
991,"Um, can I buy you a drink while I'm here?",JANE,SHIRLEY
992,That feeling doesn't go away for a while.,JANE,CLARE
993,Get out.,TANYA,TANYA
994,I trusted you to look after her.,IAN,SHIRLEY
995,"Something like this, on a holiday...New Year'll never be the same, will it? Not for them.",IAN,IAN
996,Kevin. Kevin.,SHIRLEY,SHIRLEY
997,"Could I have another brandy, please?",CHRISTIAN,CHRISTIAN
998,So what am I supposed to do? Keep shtoom while he gets his cheating hands all over my sister?,ROXY,CHRISTIAN
999,It's progress -,TANYA,SHIRLEY
1000,"No, not yet.",IAN,PHIL
1001,"Bet your loving it. Turn up out the blue, stir up load of trouble.",IAN,CLARE
1002,"Oh well, enjoy.",JANE,CLARE
1003,"That's it, you're barred.  Now get him out of here.  Go on.",PHIL,SHIRLEY
1004,The biscuits.,SEAN,JANE
1005,He's doing my head in.,IAN,IAN
1006,What?,JANE,SEAN
1007,I don't think so. Where's your Mum?,MAX,STACEY
1008,It's my day off. Thought I'd go shopping. Why?,ROXY,SHIRLEY
1009,"Nothing I say is gonna change your mind, is it.",SEAN,CLARE
1010,Well you shouldn't have gone behind my back.,JACK,SHIRLEY
1011,"No, I've tried them. listen if you see her, please tell her she's not in any trouble, we just want her home. Thanks. Bye.Alright that's everyone off the list. Nobody's seen or heard from her.",IAN,IAN
1012,Get out.,TANYA,TANYA
1013,What're you looking at?,ROXY,SHIRLEY
1014,"Yes, more room, then we wouldn't stand in your way.",ROXY,CLARE
1015,You can't stop me.,MAX,RONNIE
1016,What's the big deal?,JANE,PHIL
1017,Mostly Dawn's.  You wanna be a bit more careful.,GARRY,CLARE
1018,I'm taking the afternoon off. On compassionate grounds.,GARRY,CLARE
1019,She wasn't popping them to have a good time was she?,SEAN,IAN
1020,In her own twisted way.,GARRY,GARRY
1021,She's here.,MINTY,MINTY
1022,Do you wanna end up in  approved school?,SHIRLEY,SHIRLEY
1023,Yeah. Apparently we can still get in without the invite. All the checks have been done- we just have to explain that the dog ate it and we're still able to go in. What?,JANE,JANE
1024,Yeah I can count.,IAN,SHIRLEY
1025,Did he do it?,JACK,TANYA
1026,"Meaning, you want me to help you?   What time do you need me?",SHIRLEY,SHIRLEY
1027,Maybe they'll do it later this week.  Less to,IAN,CLARE
1028,Morning. What are you doing?  That's my stuff.,GARRY,SHIRLEY
1029,Yeah. I was thinking if I went to Russia I could get a whole load of things done for my ten grand. Maybe get my boobs done and all. Though the thought of a scalpel cutting me there...that's...,HEATHER,CLARE
1030,Not in the mood kid.,SEAN,SHIRLEY
1031,"Oh bless you darling, that's lovely.",MAX,SHIRLEY
1032,You went through my entire sketch pad?,STEVEN,CLARE
1033,"What's he doing here, Tan?",MAX,MAX
1034,I'll catch you later yeah?,JACK,JACK
1035,"Well, I suppose she's sort of blackmailing us. If Mummy doesn't get her cut of the £2000, then she's gonna grass us to the magazine.",HEATHER,HEATHER
1036,I don't want to talk about this right now.,TANYA,CLARE
1037,Two hundred -,IAN,CLARE
1038,yeah. I mean he ran off when I called out but keep an eye on him.,MAX,CLARE
1039,Please.  Tanya please?  Please Tanya it's me,MAX,MAX
1040,"So, you don't work out. Spend precious little on presentation. Seriously. Don't you ever wonder what it is Jane sees in you?",CHRISTIAN,CLARE
1041,"Yeah well, tonight, me and you we're going out. Leave Walford's new Stud Muffin to it. Kids, tea, bedtime all of it.",CHRISTIAN,CLARE
1042,How is everyone?,IAN,IAN
1043,I can't go. We're too busy.,PHIL,RONNIE
1044,"It's your birthday, ‚course I am.",JACK,CLARE
1045,"How does someone as lovely as Heather, end up with someone like you as a mate?",MINTY,MINTY
1046,Don't push me.,ROXY,SHIRLEY
1047,Well it's been known. She'll probably sleep with you for a tenner if you ask nicely.,STACEY,CLARE
1048,"Guarantee me a soft landing, can ya?",RONNIE,SHIRLEY
1049,"If you care about me, let's just forget about this.  Let's just leave now, like we talked about?",SEAN,SEAN
1050,What can I get you?,SHIRLEY,SHIRLEY
1051,,MINTY,TANYA
1052,"Oh, well, I'm sure you'll find somewhere. You always land on your feet.  You don't want to stay with fat, boring old Lesley? And her boring husband and her boring kids.",JANE,CLARE
1053,"I should've explained, I should've said something, so-",MINTY,CLARE
1054,What and you two are suddenly the fashion police are you?,STACEY,PHIL
1055,Remind me - which one of you's the hormonal teenager?  Only it's hard to tell sometimes.,JANE,CLARE
1056,Do us a favour. Leave him down there.,CHRISTIAN,CLARE
1057,"Whatever, don't expect me to smile though.",STACEY,CLARE
1058,"Stacey... it's me...Just listen, I've gotta tell you something...  It's just...It's just this.  I'm skint, I need to borrow some monies.",SEAN,BRADLEY
1059,I'm sure the staff wouldn't mind if we explained it to them.,JACK,JANE
1060,Look I thought we'd dealt with everything last night?,JANE,CLARE
1061,"Yeah, well, I've gone home stinking of worse.",JACK,CLARE
1062,,PHIL,TANYA
1063,It was just a few sausages on sticks....,IAN,IAN
1064,"No I can't!! Not without my kids. You see, there's no way out for me.",TANYA,TANYA
1065,Anyone know why there's a police car out in the square?DC,IAN,CHRISTIAN
1066,"We could do a deal.  I could do a statement for you, you could do one for me.",TANYA,TANYA
1067,Yeah... are you ready to go?,RONNIE,STACEY
1068,"I don't want to talk about it, Auntie Peg.",RONNIE,RONNIE
1069,Fine. Then I'll have it out with ferret features. And you're not gonna talk me out of it this time.,ROXY,RONNIE
1070,Oh?,MINTY,MINTY
1071,"Nothing, Abi... nothing at all.",TANYA,CLARE
1072,Yeah it's the first one. It's on Valentine's Day.  But this year Cupid's going to take his arrows back...,TANYA,CLARE
1073,I don't want to talk about it.,PHIL,RONNIE
1074,"I'm glad we can still talk though. You know, after...  The other day?",STEVEN,CLARE
1075,No you won't. You're grounded remember.,IAN,SHIRLEY
1076,You know I'd give anything to change...what,MAX,CLARE
1077,"Rainey, wait.  Look, why not stay til they get back? We can explain it together.",TANYA,SHIRLEY
1078,Well think about what this do to them?,SEAN,SEAN
1079,It's Swedish.  Means ‚speed play'.  It's an exercise programme to help Peter prepare for the school trials.,IAN,CLARE
1080,It's alright luv. You don't have to.,IAN,TANYA
1081,So where are you going to sleep?,ROXY,IAN
1082,"David Beckham, Daniel Craig, Clive Owen -",CHRISTIAN,CLARE
1083,Yeah well before you ask. He ain't stopping here.,SHIRLEY,MAX
1084,"It's not real. It's fake, like you, like everything.",SHIRLEY,SHIRLEY
1085,"I just don't wanna go, alright?",JANE,STACEY
1086,Why do you mean that?,JACK,SHIRLEY
1087,I still can't believe he had the nerve to show up.,JANE,HEATHER
1088,Eugh.  Is that what you think about?,ROXY,MAX
1089,What's going on?!,IAN,IAN
1090,"Well, no no, what I meant was...",BRADLEY,TANYA
1091,‚Course I can.,RONNIE,SHIRLEY
1092,Funny.,IAN,CLARE
1093,Cos he deserves everything he gets.,SEAN,HEATHER
1094,Why don't you show Garry the ropes.,RONNIE,RONNIE
1095,Not me. The spell's broken.,TANYA,SHIRLEY
1096,"It's alright, steady.  He ain't coming this way.  Be interesting if he was though, eh.",SEAN,SEAN
1097,"Well, I don't believe it. It'd be like the ultimate betrayal.",STEVEN,CLARE
1098,This is a nightmare.,TANYA,IAN
1099,Just face the facts.,SHIRLEY,CLARE
1100,"Thanks for your support.Anyway, I have tried talking to her.It's not easy y'know. She's got her head full of this wedding stuff.",MINTY,MINTY
1101,He's keen.,CHRISTIAN,SHIRLEY
1102,"But he wouldn't do that, would he?",STEVEN,MAX
1103,Who said anything's wrong?,RONNIE,RONNIE
1104,"I can look after myself, thanks.",STACEY,SHIRLEY
1105,Yeah. I mean I wouldn't have let him back if I wasn't.,TANYA,JACK
1106,Trust me.  Look Ronnie - I just wanted-,JACK,CLARE
1107,Oh.  No it's too soon.What are you doing?,BRADLEY,SHIRLEY
1108,Do you fancy him or what?,MINTY,SEAN
1109,He's a friend.,TANYA,SHIRLEY
1110,YOU want to go?,JANE,STACEY
1111,Slept in a hedge?,ROXY,CHRISTIAN
1112,"What, you think I'm lying, do you?",SEAN,SEAN
1113,It's on the house. Are you alright?,JACK,IAN
1114,"See, this is what I'm talking about.",IAN,IAN
1115,Sean - I didn't mean any of that.,TANYA,CLARE
1116,Right.,STACEY,STACEY
1117,I'll be back later in case there's any problems. But until then. I'm sure you'll both make her very welcome.,TANYA,CLARE
1118,You alright?  Phil?,RONNIE,RONNIE
1119,The first man in my life that I trust...,RONNIE,CLARE
1120,"I'm begging you Ronnie, please don't do this.",ROXY,CLARE
1121,Max saw us together this morning. We need to be more careful.,TANYA,CLARE
1122,He's signing things over to you?,JACK,SHIRLEY
1123,Being delivered straight to the club. Aren't they?,CHRISTIAN,CLARE
